{
    "loss": 11.842840194702148,
    "accuracy": 0.5467625856399536
}