{
    "loss": 0.08167121559381485,
    "accuracy": 0.9640287756919861
}