{
    "loss": 35.29193115234375,
    "accuracy": 0.5179855823516846
}